
[
  { "id": "br-01-01", "date": "2026-01-01", "title": "Confraternização Universal", "summary": "Ano Novo", "scope": "BR", "type": "HOLIDAY" },
  { "id": "br-02-16", "date": "2026-02-16", "title": "Carnaval", "summary": "Segunda-feira de Carnaval", "scope": "BR", "type": "OPTIONAL" },
  { "id": "br-02-17", "date": "2026-02-17", "title": "Carnaval", "summary": "Terça-feira de Carnaval", "scope": "BR", "type": "OPTIONAL" },
  { "id": "br-02-18", "date": "2026-02-18", "title": "Quarta-feira de Cinzas", "summary": "Ponto facultativo até 14h", "scope": "BR", "type": "OPTIONAL" },
  { "id": "br-04-03", "date": "2026-04-03", "title": "Sexta-feira Santa", "summary": "Paixão de Cristo", "scope": "BR", "type": "HOLIDAY" },
  { "id": "br-04-05", "date": "2026-04-05", "title": "Páscoa", "summary": "Domingo de Páscoa", "scope": "BR", "type": "COMMEMORATIVE" },
  { "id": "br-04-21", "date": "2026-04-21", "title": "Tiradentes", "summary": "Mártir da Independência", "scope": "BR", "type": "HOLIDAY" },
  { "id": "br-05-01", "date": "2026-05-01", "title": "Dia do Trabalho", "summary": "Dia Internacional dos Trabalhadores", "scope": "BR", "type": "HOLIDAY" },
  { "id": "br-05-10", "date": "2026-05-10", "title": "Dia das Mães", "summary": "Segundo domingo de maio", "scope": "POPULAR", "type": "COMMEMORATIVE" },
  { "id": "br-06-04", "date": "2026-06-04", "title": "Corpus Christi", "summary": "Festa da Eucaristia", "scope": "BR", "type": "OPTIONAL" },
  { "id": "br-06-12", "date": "2026-06-12", "title": "Dia dos Namorados", "summary": "Data romântica", "scope": "POPULAR", "type": "COMMEMORATIVE" },
  { "id": "sf-06-24", "date": "2026-06-24", "title": "Aniversário de Santa Fé do Sul", "summary": "78 anos de fundação (São João)", "scope": "SANTA_FE_DO_SUL", "type": "HOLIDAY" },
  { "id": "sp-07-09", "date": "2026-07-09", "title": "Revolução Constitucionalista", "summary": "Feriado Estadual SP", "scope": "SP", "type": "HOLIDAY" },
  { "id": "br-08-09", "date": "2026-08-09", "title": "Dia dos Pais", "summary": "Segundo domingo de agosto", "scope": "POPULAR", "type": "COMMEMORATIVE" },
  { "id": "br-09-07", "date": "2026-09-07", "title": "Independência do Brasil", "summary": "Grito do Ipiranga", "scope": "BR", "type": "HOLIDAY" },
  { "id": "br-10-12", "date": "2026-10-12", "title": "Nossa Senhora Aparecida", "summary": "Padroeira do Brasil / Dia das Crianças", "scope": "BR", "type": "HOLIDAY" },
  { "id": "br-10-28", "date": "2026-10-28", "title": "Dia do Servidor Público", "summary": "Ponto Facultativo", "scope": "BR", "type": "OPTIONAL" },
  { "id": "br-11-02", "date": "2026-11-02", "title": "Finados", "summary": "Dia de memória", "scope": "BR", "type": "HOLIDAY" },
  { "id": "br-11-15", "date": "2026-11-15", "title": "Proclamação da República", "summary": "Início do regime republicano", "scope": "BR", "type": "HOLIDAY" },
  { "id": "br-11-20", "date": "2026-11-20", "title": "Consciência Negra", "summary": "Dia Nacional de Zumbi e da Consciência Negra", "scope": "BR", "type": "HOLIDAY" },
  { "id": "br-12-24", "date": "2026-12-24", "title": "Véspera de Natal", "summary": "Ponto facultativo após 14h", "scope": "BR", "type": "OPTIONAL" },
  { "id": "br-12-25", "date": "2026-12-25", "title": "Natal", "summary": "Nascimento de Cristo", "scope": "BR", "type": "HOLIDAY" },
  { "id": "br-12-31", "date": "2026-12-31", "title": "Véspera de Ano Novo", "summary": "Ponto facultativo após 14h", "scope": "BR", "type": "OPTIONAL" },
  { "id": "pop-05-25", "date": "2026-05-25", "title": "Dia da Toalha", "summary": "Cultura Geek", "scope": "POPULAR", "type": "COMMEMORATIVE" },
  { "id": "pop-10-31", "date": "2026-10-31", "title": "Halloween", "summary": "Dia das Bruxas", "scope": "POPULAR", "type": "COMMEMORATIVE" }
]
